{
  "levels_by_color": {
    "BLUE": {
      "solid": [
        "643.84",
        "638",
        "636",
        "631.16"
      ],
      "dashed": [
        "641.26",
        "639.67",
        "637.10",
        "634.83",
        "633.43"
      ]
    },
    "ORANGE": {
      "solid": [
        "644.51",
        "639.61",
        "636.59",
        "631.69"
      ],
      "dashed": [
        "641.91",
        "640.30",
        "637.70",
        "635.40",
        "633.98"
      ]
    },
    "BLACK": {
      "solid": [
        "641.69",
        "637.04",
        "634.16",
        "629.51"
      ],
      "dashed": [
        "639.21",
        "637.68",
        "635.20",
        "633.02",
        "629.51"
      ]
    },
    "TEAL": {
      "solid": [
        "500",
        "600",
        "700"
      ],
      "dashed": []
    }
  }
}